<?xml version="1.0" encoding="UTF-8" standalone="yes"?>
<businessObjectModel xmlns="http://documentation.bonitasoft.com/bdm-xml-schema/1.0" modelVersion="1.0">
    <businessObjects>
        <businessObject qualifiedName="com.company.model.Curso">
            <fields>
                <field type="STRING" length="255" name="nombre" nullable="true" collection="false"/>
                <field type="STRING" length="255" name="instructor" nullable="true" collection="false"/>
                <field type="LOCALDATETIME" length="255" name="fecha_inicio" nullable="true" collection="false"/>
                <field type="LOCALDATETIME" length="255" name="fecha_fin" nullable="true" collection="false"/>
                <field type="TEXT" length="255" name="descripcion" nullable="true" collection="false"/>
                <field type="INTEGER" length="255" name="num_sesiones" nullable="true" collection="false"/>
                <field type="DOUBLE" length="255" name="min_asistencia" nullable="true" collection="false"/>
                <relationField type="AGGREGATION" reference="com.company.model.Matricula" fetchType="LAZY" name="matriculas" nullable="true" collection="true"/>
                <field type="STRING" length="255" name="estado" nullable="true" collection="false"/>
            </fields>
            <uniqueConstraints/>
            <queries/>
            <indexes/>
        </businessObject>
        <businessObject qualifiedName="com.company.model.FotoPerfil">
            <fields>
                <field type="TEXT" length="255" name="url" nullable="true" collection="false"/>
                <field type="STRING" length="255" name="nombreFoto" nullable="true" collection="false"/>
                <relationField type="AGGREGATION" reference="com.company.model.Usuario" fetchType="LAZY" name="usuario" nullable="true" collection="false"/>
            </fields>
            <uniqueConstraints/>
            <queries/>
            <indexes/>
        </businessObject>
        <businessObject qualifiedName="com.company.model.Matricula">
            <fields>
                <field type="STRING" length="255" name="alumno" nullable="true" collection="false"/>
                <field type="STRING" length="255" name="curso" nullable="true" collection="false"/>
                <field type="DOUBLE" length="255" name="calificacion" nullable="true" collection="false"/>
                <field type="INTEGER" length="255" name="num_asistencias" nullable="true" collection="false"/>
                <field type="STRING" length="255" name="estado" nullable="true" collection="false"/>
            </fields>
            <uniqueConstraints/>
            <queries/>
            <indexes/>
        </businessObject>
        <businessObject qualifiedName="com.company.model.Usuario">
            <fields>
                <field type="STRING" length="255" name="nombre" nullable="true" collection="false"/>
                <field type="STRING" length="255" name="apellidos" nullable="true" collection="false"/>
                <field type="STRING" length="255" name="dni" nullable="true" collection="false"/>
            </fields>
            <uniqueConstraints/>
            <queries/>
            <indexes/>
        </businessObject>
    </businessObjects>
</businessObjectModel>
